"DESCRIPTION","DURATION IN MS","NAME","PARENT SUITE","START TIME","STATUS","STOP TIME","SUB SUITE","SUITE","TEST CLASS","TEST METHOD"
"","994","Тест логина для пользователя: locked_out_user","webkit","2026-10-06","passed","2026-10-06","","login_ddt.spec.ts","",""
"","1226","Successful login","webkit","2026-10-06","passed","2026-10-06","","login_pom.spec.ts","",""
"","634","Считаем товары в корзине","chromium","2026-10-06","passed","2026-10-06","","inventory.spec.ts","",""
"","727","Тест логина для пользователя: standard_user","firefox","2026-10-06","passed","2026-10-06","","login_ddt.spec.ts","",""
"","1007","Unsuccessful login","webkit","2026-10-06","passed","2026-10-06","","factory.spec.ts","",""
"","449","Unsuccessful login","chromium","2026-10-06","passed","2026-10-06","","factory.spec.ts","",""
"","1","Дата возвращается в нужном формате","chromium","2026-10-06","passed","2026-10-06","","getFormattedDate.spec.ts","",""
"","802","Successful login","firefox","2026-10-06","passed","2026-10-06","","login_pom.spec.ts","",""
"","991","Тест логина для пользователя: standard_user","webkit","2026-10-06","passed","2026-10-06","","login_ddt.spec.ts","",""
"","722","Тест логина для пользователя: locked_out_user","firefox","2026-10-06","passed","2026-10-06","","login_ddt.spec.ts","",""
"","721","Unsuccessful login","firefox","2026-10-06","passed","2026-10-06","","factory.spec.ts","",""
"","531","Successful login","chromium","2026-10-06","passed","2026-10-06","","login_pom.spec.ts","",""
"","679","Тест логина для пользователя:","firefox","2026-10-06","passed","2026-10-06","","login_ddt.spec.ts","",""
"","458","Тест логина для пользователя: standard_user","chromium","2026-10-06","passed","2026-10-06","","login_ddt.spec.ts","",""
"","2","Дата возвращается в нужном формате","webkit","2026-10-06","passed","2026-10-06","","getFormattedDate.spec.ts","",""
"","2069","Check Click Me Button","chromium","2026-10-06","passed","2026-10-06","","modalWindow.spec.ts","",""
"","746","testing Facade pattern","chromium","2026-10-06","passed","2026-10-06","","checkout.spec.ts","",""
"","429","Тест логина для пользователя:","chromium","2026-10-06","passed","2026-10-06","","login_ddt.spec.ts","",""
"","1488","Считаем товары в корзине","webkit","2026-10-06","passed","2026-10-06","","inventory.spec.ts","",""
"","967","Считаем товары в корзине","firefox","2026-10-06","passed","2026-10-06","","inventory.spec.ts","",""
"","2108","testing Facade pattern","firefox","2026-10-06","passed","2026-10-06","","checkout.spec.ts","",""
"","427","Тест логина для пользователя: locked_out_user","chromium","2026-10-06","passed","2026-10-06","","login_ddt.spec.ts","",""
"","2830","testing Facade pattern","webkit","2026-10-06","passed","2026-10-06","","checkout.spec.ts","",""
"","2113","Check Click Me Button","firefox","2026-10-06","passed","2026-10-06","","modalWindow.spec.ts","",""
"","960","Тест логина для пользователя:","webkit","2026-10-06","passed","2026-10-06","","login_ddt.spec.ts","",""
"","2","Дата возвращается в нужном формате","firefox","2026-10-06","passed","2026-10-06","","getFormattedDate.spec.ts","",""
"","8775","Check Click Me Button","webkit","2026-10-06","passed","2026-10-06","","modalWindow.spec.ts","",""
